ID_Cliente,Nombre,Apellido,DNI,Email,Tel√©fono
1,Anna,Anderson,17847301,regina43@taylor.com,(223)-489-3901
2,Catherine,Rios,12767687,travis03@davidson.com,(114)-723-0334
3,Ronald,Adams,74852104,moorekelly@leach.com,(745)-960-8431
4,Tammy,Berger,46988452,tracyhuerta@yahoo.com,(846)-827-9471
5,Devin,Palmer,99552297,hmiles@murphy.com,(153)-893-7386
6,Herbert,Luna,14886361,kevinhamilton@gmail.com,(090)-863-4980
7,Rachel,Lynch,79641792,amandawilliams@vang-kane.net,(617)-033-0012
8,Katherine,Rodriguez,42747146,kelly53@brown.org,(257)-776-8238
9,Jared,Phillips,97513782,martinezvictoria@hoffman.net,(530)-466-1723
10,Teresa,Sparks,81762815,dennisstephens@hotmail.com,(979)-504-2991
11,Dakota,Lopez,87124487,zachary60@yahoo.com,(197)-652-7462
12,Frank,Nelson,88872991,dbender@yahoo.com,(896)-503-1852
13,Billy,Arnold,83933570,mariomacdonald@pierce.com,522904757
14,Bethany,Miller,20890858,bethwatkins@gould.com,(823)-794-8579
15,Jessica,Parker,54861987,ifoster@yahoo.com,(172)-006-8053
16,Mark,Walker,56294879,crossrebecca@davis.com,(729)-240-8293
17,Anthony,Jordan,10985926,xsmith@gmail.com,(919)-830-6462
18,William,Reed,87480823,christopher85@gmail.com,(388)-187-0177
19,Ryan,Willis,18027271,emilyramirez@hotmail.com,(606)-614-8178
20,Brooke,Todd,86265711,shernandez@hotmail.com,(128)-517-7095
21,Catherine,Escobar,21661157,hmyers@gmail.com,(217)-631-9693
22,Derrick,Kelley,95620216,cameron51@wilson.net,(596)-809-0903
23,Ronald,Wilkins,56261598,christinaanderson@hotmail.com,(640)-514-7702
24,Reginald,Morales,12011184,ghartman@gmail.com,(173)-473-7769
25,Howard,Ramos,43761108,juliafoster@hotmail.com,(553)-904-7007
26,Justin,Thornton,90317678,sheila92@gmail.com,(873)-312-0060
27,Brianna,Brown,22567015,kelly22@lewis-allen.com,(929)-071-8979
28,Vincent,Matthews,70872956,kenneth15@daniel.info,(060)-514-2463
29,Dana,Santana,97454839,anthony30@wong-waller.info,(722)-007-5887
30,Andrew,Smith,87657678,hawkinsmegan@williams.org,(528)-644-5654
31,Sierra,Becker,12688076,ybrown@black.org,(466)-931-0362
32,Neil,Williams,41655074,schultzrobert@gmail.com,(779)-577-9717
33,John,Stephens,60500064,fsmith@yahoo.com,112846651
34,Margaret,Cruz,41956233,eric61@young.com,(893)-510-2617
35,Adam,Russell,35643631,ucooper@hartman.net,(082)-334-5429
36,Jeanette,Crawford,36282051,dsmith@bradford-garcia.org,(050)-414-8915
37,Karen,Pennington,90025889,matthew61@hunter.net,(719)-852-1686
38,Jacob,Graham,73232680,victoria28@gmail.com,(947)-753-1752
39,Tina,David,37552467,michelle41@shields.info,(669)-814-0414
40,Hannah,Reyes,34667109,freemankathleen@bell-foster.com,(148)-285-4045
41,Tammy,Mann,37909759,jennathomas@blackburn-bailey.net,(452)-993-7001
42,Jennifer,Harper,28698315,ggray@terry.info,(252)-219-8646
43,Roy,Richardson,79934919,jamesstanley@hotmail.com,(145)-751-5982
44,Amanda,Newton,86765779,danajohnson@prince.com,(836)-341-0104
45,Cheryl,Reyes,96191480,williamsvincent@hotmail.com,(508)-307-0834
46,Sheila,Perez,19677920,bishopbruce@wells-carey.biz,(503)-573-2477
47,Robert,Burns,57093048,garrettrobert@sampson.com,(327)-231-5010
48,Jose,Greer,57025671,mcphersonjack@lester-hernandez.com,(679)-920-5201
49,Julie,Rodriguez,11469068,dana81@sullivan.info,(226)-716-1054
50,Richard,Gilbert,91318746,johnlevine@barron.com,(910)-827-6827
51,Sarah,Phillips,45162537,lauradillon@cook.com,(040)-135-1495
52,Alison,Barron,97117983,fosterbarbara@gmail.com,(338)-655-2831
53,Amanda,Parker,72560705,michaeltravis@hotmail.com,(153)-688-1390
54,Kenneth,Diaz,87485125,greenvictoria@gmail.com,(177)-834-5830
55,Michael,Brown,87881007,lance18@gmail.com,(778)-109-0050
56,Elizabeth,Williams,18572068,dhayes@garcia.com,(040)-052-8268
57,Jennifer,Sherman,69607644,amandasantos@hotmail.com,(838)-431-7746
58,Jane,Miles,48960924,andersenholly@gmail.com,(590)-218-7287
59,Charles,Cervantes,25369378,pamelahunt@weber.info,(981)-369-6055
60,Anthony,Armstrong,89576963,kelsey50@hotmail.com,(963)-534-4866
61,Larry,Gomez,89159327,deborahallen@medina-melendez.com,(706)-186-2325
62,Steven,Alexander,56138554,fitzgeraldjodi@lawrence.com,(658)-582-3322
63,Sarah,Ward,35331265,jennifer42@gmail.com,(077)-454-2096
64,Jared,Larson,38867130,debbie33@johns.com,(801)-783-1562
65,John,Hooper,48477935,valdezdaisy@yahoo.com,(210)-098-4807
66,Jennifer,Patterson,41289937,hwilliams@yahoo.com,(092)-119-0380
67,Tasha,Paul,67675056,kimberly93@yahoo.com,(628)-430-4162
68,David,Herrera,38112621,jonathan05@hotmail.com,(186)-471-3205
69,Patrick,Gonzalez,39713297,kristasmith@hernandez.com,(460)-758-9923
70,Mandy,Turner,17726433,danielsdavid@vaughan-burke.com,(412)-925-9615
71,Zachary,Brown,19681786,danny00@hotmail.com,(116)-099-8977
72,Todd,Valentine,60096314,medinaaustin@gmail.com,(729)-990-5780
73,Amber,Smith,20299454,robert48@yahoo.com,(883)-714-0801
74,Erica,King,51264792,wattssherri@gmail.com,(273)-614-0242
75,Donna,Eaton,95527588,twoodard@hotmail.com,(560)-082-6251
76,Craig,White,67826186,danielnunez@williams.org,(110)-100-1572
77,Gregory,Jenkins,88945323,tlindsey@hotmail.com,(874)-905-3328
78,Michael,Rodriguez,50250863,marctownsend@salazar-martinez.com,(940)-201-8381
79,Edward,Carey,62718297,jeffrey92@hotmail.com,(425)-151-0463
80,Bonnie,Murphy,58652829,justinbrown@krause.com,(843)-689-0393
81,Ashley,Torres,92476426,masondonna@vega-fowler.info,(836)-796-5333
82,Guy,Johnson,98615860,rogersjackson@hotmail.com,(037)-536-7209
83,Rebecca,Miller,89880608,wlee@yahoo.com,(918)-091-7906
84,John,Young,22788431,ataylor@yahoo.com,(301)-446-8487
85,Joan,Dennis,47995677,mary85@boyd.com,(712)-640-7426
86,Shane,Schwartz,37079278,qmiller@cook.com,(177)-408-6153
87,William,Fuentes,53335898,tchavez@copeland.com,(324)-661-8717
88,James,Garza,99487487,lbrown@mccormick-lopez.org,(409)-902-8921
89,Amber,Allen,97415144,smithjennifer@yahoo.com,(642)-317-7971
90,Jacob,Duncan,96352941,anthonygrant@bush.com,(205)-649-2256
91,Mark,Patrick,60482864,pjohnson@fry.com,(005)-090-3839
92,Autumn,Jackson,78218632,vrivera@hotmail.com,(822)-094-7155
93,Joshua,Young,42898842,fboyd@deleon-walker.biz,(778)-938-9384
94,Darryl,Smith,83107853,danielkim@yahoo.com,(118)-562-0705
95,John,Bell,36910141,whitedaniel@johnson-cortez.biz,(486)-454-8566
96,Wendy,Lewis,49450978,bthompson@brown-anderson.com,(035)-591-0511
97,John,Walters,80181035,bondsusan@yahoo.com,(150)-570-4574
98,Daniel,English,47962369,wardnicole@hughes.com,(975)-784-3212
99,Joshua,Williams,42548869,henry21@bradley-rhodes.org,(335)-885-2355
100,Eric,Silva,83589867,charles11@gmail.com,(875)-405-3679
